Item Name,Qty,Price (total) (USD),Item link,Notes
Printed Circuit board,2,$11.19,https://trade.jlcpcb.com/checkout/payMethod/?unionSettleId=9e0c8c52ef704c8189c43977d21aae41&systemType=order_pcb&orderTypes=order_pcb&calType=PRE_CAL&couponDemo=1&spm=Jlcpcb.Partcart.1002,
Esp32D,2,$9.70,https://www.aliexpress.us/item/3256801252611041.html?spm=a2g0o.productlist.main.2.ad09114aTIH1wN&algo_pvid=1d407fee-2117-418f-81b1-c37a5444c49f&algo_exp_id=1d407fee-2117-418f-81b1-c37a5444c49f-1&pdp_ext_f=%7B%22order%22%3A%22465%22%2C%22eval%22%3A%221%22%2C%22fromPage%22%3A%22search%22%7D&pdp_npi=6%40dis%21USD%214.85%214.85%21%21%214.85%214.85%21%402101e75417904920457712752e0f5e%2112000016115094912%21sea%21US%217842502601%21X%211%210%21n_tag%3A-29919%3Bd%3A131afe2d%3Bm03_new_user%3A-29895&curPageLogUid=7fCPVTuyiDkP&utparam-url=scene%3Asearch%7Cquery_from%3A%7Cx_object_id%3A1005001438925793%7C_p_origin_prod%3A&tblci=GiDzJNqZYQ_KTCfatx8_XTYbxYzYYinBfZR1NDfVa85FSCCnqXUo_arA3v-8uqf7ATDHh3g,.
Nrf204l01 PA+LNA,2,$5.74,https://www.aliexpress.us/item/3256805495903750.html?spm=a2g0o.productlist.main.1.fdc45016uzj9P0&aem_p4p_detail=202609262356241130144637865680000208627&algo_pvid=b5e434f9-77b7-41ea-9540-21be14506099&algo_exp_id=b5e434f9-77b7-41ea-9540-21be14506099-3&pdp_ext_f=%7B%22order%22%3A%225169%22%2C%22eval%22%3A%221%22%2C%22fromPage%22%3A%22search%22%7D&pdp_npi=6%40dis%21USD%212.87%212.87%21%21%2119.15%2119.15%21%402101e75417904921843962585e0c47%2112000057689376493%21sea%21US%217842502601%21X%211%210%21n_tag%3A-29919%3Bd%3A131afe2d%3Bm03_new_user%3A-29895&curPageLogUid=eFBAJAX8RkGU&utparam-url=scene%3Asearch%7Cquery_from%3A%7Cx_object_id%3A1005005682218502%7C_p_origin_prod%3A&search_p4p_id=202609262356241130144637865680000208627_1&tblci=GiDzJNqZYQ_KTCfatx8_XTYbxYzYYinBfZR1NDfVa85FSCCnqXUo_arA3v-8uqf7ATDHh3g,.
Tactile buttons,4,$3.52,https://www.aliexpress.us/item/3256805495903750.html?spm=a2g0o.productlist.main.1.fdc45016uzj9P0&aem_p4p_detail=202609262356241130144637865680000208627&algo_pvid=b5e434f9-77b7-41ea-9540-21be14506099&algo_exp_id=b5e434f9-77b7-41ea-9540-21be14506099-3&pdp_ext_f=%7B%22order%22%3A%225169%22%2C%22eval%22%3A%221%22%2C%22fromPage%22%3A%22search%22%7D&pdp_npi=6%40dis%21USD%212.87%212.87%21%21%2119.15%2119.15%21%402101e75417904921843962585e0c47%2112000057689376493%21sea%21US%217842502601%21X%211%210%21n_tag%3A-29919%3Bd%3A131afe2d%3Bm03_new_user%3A-29895&curPageLogUid=eFBAJAX8RkGU&utparam-url=scene%3Asearch%7Cquery_from%3A%7Cx_object_id%3A1005005682218502%7C_p_origin_prod%3A&search_p4p_id=202609262356241130144637865680000208627_1&tblci=GiDzJNqZYQ_KTCfatx8_XTYbxYzYYinBfZR1NDfVa85FSCCnqXUo_arA3v-8uqf7ATDHh3g,.
5v buzzer,2,$1.03,https://www.aliexpress.us/item/3256812473549418.html?spm=a2g0o.productlist.main.4.16ce144ciHMKfy&aem_p4p_detail=202609262359503899808584522300000200209&algo_pvid=23658d03-51df-407c-9f21-07556e9535cd&algo_exp_id=23658d03-51df-407c-9f21-07556e9535cd-3&pdp_ext_f=%7B%22order%22%3A%2264%22%2C%22eval%22%3A%221%22%2C%22fromPage%22%3A%22search%22%7D&pdp_npi=6%40dis%21USD%211.03%211.03%21%21%216.90%216.90%21%402103117b17904923907123483e0daf%2112000058959845598%21sea%21US%217842502601%21X%211%210%21n_tag%3A-29919%3Bd%3A131afe2d%3Bm03_new_user%3A-29895&curPageLogUid=i6PSaQ018nlB&utparam-url=scene%3Asearch%7Cquery_from%3A%7Cx_object_id%3A1005012659864170%7C_p_origin_prod%3A&search_p4p_id=202609262359503899808584522300000200209_1&tblci=GiDzJNqZYQ_KTCfatx8_XTYbxYzYYinBfZR1NDfVa85FSCCnqXUo_arA3v-8uqf7ATDHh3g,.
22uF ca,2,$3.07,https://www.aliexpress.us/item/3256811625053645.html?spm=a2g0o.cart.0.0.63b338daXhFtZV&mp=1&pdp_npi=6%40dis%21USD%21USD+3.22%21USD+3.17%21%21USD+3.17%21%21%21%402103129017904925571217900e0ceb%2112000056639843424%21ct%21US%216623461093%21%211%210%21&_gl=1*16wlapb*_gcl_aw*R0NMLjE3OTA0OTI1NTcuQ2owS0NRanc0b3JVQmhDakFSSXNBSWJGM3F5clhCTmVxQ0liVGc0U04tMUo1Y2t5NVI1ZGNld1ZGZEs0ZVFBd3hUN3UtV3NhZmFnYk94Z2FBanEzRUFMd193Y0I.*_gcl_dc*R0NMLjE3OTA0OTI1NTcuQ2owS0NRanc0b3JVQmhDakFSSXNBSWJGM3F5clhCTmVxQ0liVGc0U04tMUo1Y2t5NVI1ZGNld1ZGZEs0ZVFBd3hUN3UtV3NhZmFnYk94Z2FBanEzRUFMd193Y0I.*_gcl_au*MTI4MTU1NTMzNS4xNzg3MDA2NTkw*_ga*OTcyMzQ3NTI5LjE3OTA0OTI1NTQ.*_ga_VED1YSGNC7*czE3OTA0OTI1NTQkbzEkZzEkdDE3OTA0OTI1NTckajU3JGwwJGgw&gatewayAdapt=glo2usa,The voltage isnt that important but 35v is about perfect. 
4 pin Oleds,2,$2.86,https://www.aliexpress.us/item/3256806486516851.html?spm=a2g0o.productlist.main.3.3aaa75d6iY0p2M&algo_pvid=bdb469b2-be41-4dda-a520-5d1f00944eff&algo_exp_id=bdb469b2-be41-4dda-a520-5d1f00944eff-2&pdp_ext_f=%7B%22order%22%3A%226603%22%2C%22eval%22%3A%221%22%2C%22fromPage%22%3A%22search%22%7D&pdp_npi=6%40dis%21USD%211.43%211.43%21%21%211.43%211.43%21%402103128817904928882908457e0f67%2112000037979635887%21sea%21US%217842502601%21X%211%210%21n_tag%3A-29919%3Bd%3A131afe2d%3Bm03_new_user%3A-29895&curPageLogUid=7Tz8J1DxEt2v&utparam-url=scene%3Asearch%7Cquery_from%3A%7Cx_object_id%3A1005006672831603%7C_p_origin_prod%3A&tblci=GiDzJNqZYQ_KTCfatx8_XTYbxYzYYinBfZR1NDfVa85FSCCnqXUo_arA3v-8uqf7ATDHh3g,.
,,,,
,,,,
,,,,
,,,,
,,,,
,,,,
,,,,
,,,,
,,,,
,,,,
,,,,
,,,,
Total Price (USD):,$37.11,,,